{"cameraMode":{"drawMode":0,"name":"Shaded","section":"Shading Mode"},"sceneLighting":true,"audioPlay":false,"sceneViewState":{"m_AlwaysRefresh":false,"showFog":true,"showSkybox":false,"showFlares":true,"showImageEffects":true,"showParticleSystems":true,"showVisualEffectGraphs":true,"m_FxEnabled":true},"in2DMode":false,"pivot":{"x":-5.635214328765869,"y":17.673580169677736,"z":-4.550203800201416},"rotation":{"x":0.05882501229643822,"y":0.3582647740840912,"z":0.020064830780029298,"w":-0.9323650002479553},"size":31.262042999267579,"orthographic":false}