{"cameraMode":{"drawMode":0,"name":"Shaded","section":"Shading Mode"},"sceneLighting":true,"audioPlay":false,"sceneViewState":{"m_AlwaysRefresh":false,"showFog":true,"showSkybox":false,"showFlares":true,"showImageEffects":true,"showParticleSystems":true,"showVisualEffectGraphs":true,"m_FxEnabled":true},"in2DMode":false,"pivot":{"x":-42.34312057495117,"y":-23.89480209350586,"z":-154.52435302734376},"rotation":{"x":-0.07994464784860611,"y":-0.13819947838783265,"z":0.008654143661260605,"w":-0.9879016280174255},"size":1.2247449159622193,"orthographic":false}