{"cameraMode":{"drawMode":0,"name":"Shaded","section":"Shading Mode"},"sceneLighting":true,"audioPlay":false,"sceneViewState":{"m_AlwaysRefresh":false,"showFog":true,"showSkybox":false,"showFlares":true,"showImageEffects":true,"showParticleSystems":true,"showVisualEffectGraphs":true,"m_FxEnabled":true},"in2DMode":false,"pivot":{"x":-26.178922653198243,"y":0.8414211273193359,"z":3.597029209136963},"rotation":{"x":0.01467491127550602,"y":-0.5294090509414673,"z":0.012209555134177208,"w":0.8490239381790161},"size":1.2247449159622193,"orthographic":false}