{"cameraMode":{"drawMode":0,"name":"Shaded","section":"Shading Mode"},"sceneLighting":true,"audioPlay":false,"sceneViewState":{"m_AlwaysRefresh":false,"showFog":true,"showSkybox":true,"showFlares":true,"showImageEffects":true,"showParticleSystems":true,"showVisualEffectGraphs":true,"m_FxEnabled":true},"in2DMode":false,"pivot":{"x":188.76516723632813,"y":5.151719093322754,"z":188.6542510986328},"rotation":{"x":-0.00024289183784276247,"y":-0.7802433371543884,"z":0.0009593009599484503,"w":-0.6257641315460205},"size":4.318665504455566,"orthographic":false}