{"cameraMode":{"drawMode":0,"name":"Shaded","section":"Shading Mode"},"sceneLighting":true,"audioPlay":false,"sceneViewState":{"m_AlwaysRefresh":false,"showFog":true,"showSkybox":true,"showFlares":true,"showImageEffects":true,"showParticleSystems":true,"showVisualEffectGraphs":true,"m_FxEnabled":true},"in2DMode":false,"pivot":{"x":-24.901235580444337,"y":-10.763548851013184,"z":-21.574121475219728},"rotation":{"x":0.07521958649158478,"y":-0.9373160004615784,"z":0.24520060420036317,"w":0.23915669322013856},"size":28.706802368164064,"orthographic":false}