{"cameraMode":{"drawMode":0,"name":"Shaded","section":"Shading Mode"},"sceneLighting":true,"audioPlay":false,"sceneViewState":{"m_AlwaysRefresh":false,"showFog":true,"showSkybox":true,"showFlares":true,"showImageEffects":true,"showParticleSystems":true,"showVisualEffectGraphs":true,"m_FxEnabled":true},"in2DMode":false,"pivot":{"x":-10.296365737915039,"y":2.1048929691314699,"z":2.7118589878082277},"rotation":{"x":-0.03872270509600639,"y":-0.10030060261487961,"z":-0.01530582457780838,"w":-0.9967218041419983},"size":4.318665504455566,"orthographic":false}